{"loss": [5.888783127541417, 4.112387742884348, 3.1878413931715173, 2.511301641310415, 1.9917621666385281, 1.5808168548293127, 1.257503369896293, 1.010714365817235, 0.8272406199111267, 0.6844501182131054, 0.5743861498983025, 0.48706403766209777, 0.4161037587787399, 0.35835643609073503, 0.31315859099986615, 0.27259062686361524, 0.24135070366244163, 0.21679616378855146, 0.1914730050434465, 0.1715580510669265], "accuracy": [0.27471761767483477, 0.40289853496694666, 0.4794954396341766, 0.5492910929966698, 0.6155139420448332, 0.6809213305830311, 0.7395388066007257, 0.7864520167503356, 0.821919889159501, 0.8510644477856751, 0.8726186999850887, 0.8908884325761718, 0.9064676114618023, 0.9184994594661762, 0.9285151784382921, 0.9374419081465281, 0.9441859995526616, 0.9495753392315721, 0.9550296050996571, 0.9590961901684975], "sequence_length": 50, "hidden_size": 128, "batch_size": 64, "epochs": 20, "learning_rate": 0.001}